"id","obj_vesion","incoming_message_form_definition_id","name","parameter_type","length","required","date_created","last_modified"
"834459078775","0","678565673457657","secondaryPhoneType","PHONETYPE","10","false","2010-01-08T15:02:43.0","2010-01-08T15:22:53.0"
"3245464634645","0","254657657567688","chpsId","ALPHANUM","50","true","2010-01-08T14:54:14.0","2010-01-08T15:22:53.0"
"4564564645577","0","597658468478768","chpsId","ALPHANUM","50","true","2010-01-08T14:46:33.0","2010-01-08T15:22:53.0"
"6378978445645","0","678565673457657","secondaryPhone","NUMERIC","15","false","2010-01-08T15:02:43.0","2010-01-08T15:22:53.0"
"7645645756876","0","254657657567688","childMotechId","ALPHANUM","50","true","2010-01-08T14:54:14.0","2010-01-08T15:22:53.0"
"7765435645455","0","678565673457657","chpsId","ALPHANUM","50","true","2010-01-08T15:02:43.0","2010-01-08T15:22:53.0"
"10000000000001","0","200000000000000","staffId","NUMERIC","50","true","2010-02-03T10:29:14.0","2010-02-03T10:29:14.0"
"10000000000002","0","200000000000000","facilityId","NUMERIC","50","true","2010-02-03T10:29:14.0","2010-02-03T10:29:14.0"
"10000000000003","0","200000000000000","dewormer","BOOLEAN","1","false","2010-04-30T00:00:00.0","2010-04-30T00:00:00.0"
"10000000000004","0","200000000000000","date","DATE","10","true","2010-02-03T10:29:14.0","2010-02-03T10:29:14.0"
"10000000000005","0","200000000000000","motechId","NUMERIC","50","true","2010-02-03T10:29:14.0","2010-02-03T10:29:14.0"
"10000000000006","0","200000000000000","visitNumber","ANCVISIT","4","true","2010-02-03T10:29:14.0","2010-02-03T10:29:14.0"
"10000000000007","0","200000000000000","location","ANCLOCATION","1","true","2010-04-30T10:29:14.0","2010-04-30T10:29:14.0"
"10000000000008","0","200000000000000","house","ALPHANUM","50","false","2010-04-30T00:00:00.0","2010-04-30T00:00:00.0"
"10000000000009","0","200000000000000","community","ALPHANUM","50","false","2010-04-30T00:00:00.0","2010-04-30T00:00:00.0"
"10000000000010","0","200000000000000","estDeliveryDate","DELIVERYDATE","10","false","2010-04-30T00:00:00.0","2010-04-30T00:00:00.0"
"10000000000011","0","200000000000000","bpSystolic","ALPHANUM","50","false","2010-04-30T00:00:00.0","2010-04-30T00:00:00.0"
"10000000000012","0","200000000000000","bpDiastolic","ALPHANUM","50","false","2010-04-30T00:00:00.0","2010-04-30T00:00:00.0"
"10000000000013","0","200000000000000","weight","NUMERIC","50","false","2010-04-30T00:00:00.0","2010-04-30T00:00:00.0"
"10000000000014","0","200000000000000","ttDose","TTDOSE","2","true","2010-02-03T10:29:14.0","2010-02-03T10:29:14.0"
"10000000000015","0","200000000000000","iptDose","IPTDOSE","2","true","2010-02-03T10:29:14.0","2010-02-03T10:29:14.0"
"10000000000016","0","200000000000000","iptReactive","ALPHANUM","2","false","2010-02-03T10:29:14.0","2010-02-03T10:29:14.0"
"10000000000017","0","200000000000000","itnUse","BOOLEAN","1","true","2010-02-03T10:29:14.0","2010-02-03T10:29:14.0"
"10000000000018","0","200000000000000","fht","NUMERIC","4","false","2010-04-30T00:00:00.0","2010-04-30T00:00:00.0"
"10000000000019","0","200000000000000","fhr","NUMERIC","4","false","2010-04-30T00:00:00.0","2010-04-30T00:00:00.0"
"10000000000020","0","200000000000000","urineTestProteinPositive","BOOLEAN","1","false","2010-04-30T00:00:00.0","2010-04-30T00:00:00.0"
"10000000000021","0","200000000000000","urineTestGlucosePositive","BOOLEAN","1","false","2010-04-30T00:00:00.0","2010-04-30T00:00:00.0"
"10000000000022","0","200000000000000","hemoglobin","NUMERIC","5","false","2010-04-30T00:00:00.0","2010-04-30T00:00:00.0"
"10000000000023","0","200000000000000","vdrlReactive","BOOLEAN","1","false","2010-04-30T00:00:00.0","2010-04-30T00:00:00.0"
"10000000000024","0","200000000000000","vdrlTreatment","BOOLEAN","1","false","2010-04-30T00:00:00.0","2010-04-30T00:00:00.0"
"10000000000025","0","200000000000000","maleInvolved","BOOLEAN","1","true","2010-04-30T00:00:00.0","2010-04-30T00:00:00.0"
"10000000000026","0","200000000000000","pmtct","BOOLEAN","1","true","2010-04-30T00:00:00.0","2010-04-30T00:00:00.0"
"10000000000027","0","200000000000000","preTestCounseled","BOOLEAN","1","false","2010-04-30T00:00:00.0","2010-04-30T00:00:00.0"
"10000000000028","0","200000000000000","hivTestResult","HIVSTATUS","10","false","2010-02-03T10:29:14.0","2010-02-03T10:29:14.0"
"10000000000029","0","200000000000000","postTestCounseled","BOOLEAN","1","false","2010-04-30T00:00:00.0","2010-04-30T00:00:00.0"
"10000000000030","0","200000000000000","pmtctTreament","BOOLEAN","1","false","2010-04-30T00:00:00.0","2010-04-30T00:00:00.0"
"10000000000031","0","200000000000000","refered","BOOLEAN","1","false","2010-04-30T00:00:00.0","2010-04-30T00:00:00.0"
"10000000000032","0","200000000000000","nextANCDate","EXPIRYDATE","10","false","2010-04-30T00:00:00.0","2010-04-30T00:00:00.0"
"10000000000033","0","200000000000000","comments","ALPHANUM","200","false","2010-04-30T00:00:00.0","2010-04-30T00:00:00.0"
"10000000000101","0","200000000000001","staffId","NUMERIC","50","true","2010-01-08T14:46:33.0","2010-01-08T15:22:53.0"
"10000000000102","0","200000000000001","facilityId","NUMERIC","50","true","2010-01-08T14:46:33.0","2010-01-08T15:22:53.0"
"10000000000103","0","200000000000001","date","DATE","50","true","2010-01-08T14:46:33.0","2010-01-08T15:22:54.0"
"10000000000104","0","200000000000001","motechId","NUMERIC","50","true","2010-04-30T00:00:00.0","2010-04-30T00:00:00.0"
"10000000000105","0","200000000000001","terminationType","ALPHANUM","50","true","2010-04-30T00:00:00.0","2010-04-30T00:00:00.0"
"10000000000106","0","200000000000001","procedure","NUMERIC","50","false","2010-04-30T00:00:00.0","2010-04-30T00:00:00.0"
"10000000000107","0","200000000000001","complications","NUMERIC_ARRAY","50","false","2010-04-30T00:00:00.0","2010-04-30T00:00:00.0"
"10000000000108","0","200000000000001","maternalDeath","BOOLEAN","1","true","2010-04-30T00:00:00.0","2010-04-30T00:00:00.0"
"10000000000109","0","200000000000001","referred","BOOLEAN","1","true","2010-04-30T00:00:00.0","2010-04-30T00:00:00.0"
"10000000000110","0","200000000000001","postAbortiobFPCounseled","BOOLEAN","1","false","2010-04-30T00:00:00.0","2010-04-30T00:00:00.0"
"10000000000111","0","200000000000001","postAbortionFPAccepted","BOOLEAN","1","false","2010-04-30T00:00:00.0","2010-04-30T00:00:00.0"
"10000000000112","0","200000000000001","comments","ALPHANUM","200","false","2010-04-30T00:00:00.0","2010-04-30T00:00:00.0"
"10000000000201","0","200000000000002","staffId","ALPHANUM","50","true","2010-02-03T10:29:14.0","2010-02-03T10:29:14.0"
"10000000000202","0","200000000000002","facilityId","ALPHANUM","50","true","2010-02-03T10:29:14.0","2010-02-03T10:29:14.0"
"10000000000203","0","200000000000002","motechId","ALPHANUM","50","true","2010-02-03T10:29:14.0","2010-02-03T10:29:14.0"
"10000000000204","0","200000000000002","date","DATETIME","30","true","2010-02-03T10:29:14.0","2010-02-03T10:29:14.0"
"10000000000205","0","200000000000002","mode","MOD","2","true","2010-02-03T10:29:14.0","2010-02-03T10:29:14.0"
"10000000000206","0","200000000000002","outcome","OOD","2","true","2010-02-03T10:29:14.0","2010-02-03T10:29:14.0"
"10000000000207","0","200000000000002","deliveryLocation","DELIVERYLOCATION","1","true","2010-02-03T10:29:14.0","2010-02-03T10:29:14.0"
"10000000000208","0","200000000000002","deliveredBy","DELIVERER","4","true","2010-02-03T10:29:14.0","2010-02-03T10:29:14.0"
"10000000000209","0","200000000000002","maleInvolved","BOOLEAN","1","true","2010-04-30T00:00:00.0","2010-02-03T00:00:00.0"
"10000000000210","0","200000000000002","complications","DELIVERYCOMPLICATIONS_ARRAY","50","false","2010-04-30T00:00:00.0","2010-02-03T00:00:00.0"
"10000000000211","0","200000000000002","VVF","ALPHANUM","50","false","2010-04-30T00:00:00.0","2010-02-03T00:00:00.0"
"10000000000212","0","200000000000002","MaternalDeath","BOOLEAN","1","true","2010-02-03T10:29:14.0","2010-02-03T10:29:14.0"
"10000000000213","0","200000000000002","comments","ALPHANUM","200","false","2010-04-30T00:00:00.0","2010-02-03T00:00:00.0"
"10000000000215","0","200000000000002","child1Outcome","BIRTHOUTCOME","3","true","2010-02-03T10:29:14.0","2010-02-03T10:29:14.0"
"10000000000216","0","200000000000002","child1RegistrationType","ALPHANUM","50","false","2010-04-30T00:00:00.0","2010-02-03T00:00:00.0"
"10000000000217","0","200000000000002","child1MotechId","ALPHANUM","50","false","2010-02-03T10:29:14.0","2010-02-03T10:29:14.0"
"10000000000218","0","200000000000002","child1Sex","GENDER","1","false","2010-02-03T10:29:14.0","2010-02-03T10:29:14.0"
"10000000000219","0","200000000000002","child1FirstName","ALPHANUM","50","false","2010-02-03T10:29:14.0","2010-02-03T10:29:14.0"
"10000000000220","0","200000000000002","child1Weight","NUMERIC","4","false","2010-04-30T00:00:00.0","2010-02-03T00:00:00.0"
"10000000000223","0","200000000000002","child2Outcome","BIRTHOUTCOME","3","false","2010-02-03T10:29:14.0","2010-02-03T10:29:14.0"
"10000000000224","0","200000000000002","child2RegistrationType","ALPHANUM","50","false","2010-04-30T00:00:00.0","2010-02-03T00:00:00.0"
"10000000000225","0","200000000000002","child2MotechId","ALPHANUM","50","false","2010-02-03T10:29:14.0","2010-02-03T10:29:14.0"
"10000000000226","0","200000000000002","child2Sex","GENDER","1","false","2010-02-03T10:29:14.0","2010-02-03T10:29:14.0"
"10000000000227","0","200000000000002","child2FirstName","ALPHANUM","10","false","2010-02-03T10:29:14.0","2010-02-03T10:29:14.0"
"10000000000228","0","200000000000002","child2Weight","NUMERIC","4","false","2010-04-30T00:00:00.0","2010-02-03T00:00:00.0"
"10000000000231","0","200000000000002","child3Outcome","BIRTHOUTCOME","3","false","2010-02-03T10:29:14.0","2010-02-03T10:29:14.0"
"10000000000232","0","200000000000002","child3RegistrationType","ALPHANUM","50","false","2010-04-30T00:00:00.0","2010-02-03T00:00:00.0"
"10000000000233","0","200000000000002","child3MotechId","ALPHANUM","50","false","2010-02-03T10:29:14.0","2010-02-03T10:29:14.0"
"10000000000234","0","200000000000002","child3Sex","GENDER","1","false","2010-02-03T10:29:14.0","2010-02-03T10:29:14.0"
"10000000000235","0","200000000000002","child3FirstName","ALPHANUM","10","false","2010-02-03T10:29:14.0","2010-02-03T10:29:14.0"
"10000000000236","0","200000000000002","child3Weight","NUMERIC","4","false","2010-04-30T00:00:00.0","2010-02-03T00:00:00.0"
"10000000000401","0","200000000000004","staffId","ALPHANUM","50","true","2010-01-08T14:46:33.0","2010-01-08T15:22:53.0"
"10000000000402","0","200000000000004","facilityId","ALPHANUM","50","true","2010-01-08T14:46:33.0","2010-01-08T15:22:53.0"
"10000000000403","0","200000000000004","datetime","DATETIME","30","true","2010-01-08T14:46:33.0","2010-01-08T15:22:54.0"
"10000000000404","0","200000000000004","motechId","ALPHANUM","50","true","2010-04-30T00:00:00.0","2010-04-30T00:00:00.0"
"10000000000501","0","200000000000005","staffId","NUMERIC","50","true","2010-01-08T14:46:33.0","2010-01-08T15:22:53.0"
"10000000000502","0","200000000000005","facilityId","NUMERIC","50","true","2010-01-08T14:46:33.0","2010-01-08T15:22:53.0"
"10000000000503","0","200000000000005","date","DATETIME","30","true","2010-01-08T14:46:33.0","2010-01-08T15:22:54.0"
"10000000000504","0","200000000000005","motechId","NUMERIC","50","true","2010-04-30T00:00:00.0","2010-04-30T00:00:00.0"
"10000000000505","0","200000000000005","visitNumber","NUMERIC","2","true","2010-04-30T00:00:00.0","2010-04-30T00:00:00.0"
"10000000000506","0","200000000000005","location","PNCLOCATION","2","true","2010-04-30T00:00:00.0","2010-04-30T00:00:00.0"
"10000000000507","0","200000000000005","house","ALPHANUM","50","false","2010-04-30T00:00:00.0","2010-04-30T00:00:00.0"
"10000000000508","0","200000000000005","community","ALPHANUM","30","false","2010-04-30T00:00:00.0","2010-04-30T00:00:00.0"
"10000000000509","0","200000000000005","referred","BOOLEAN","1","true","2010-04-30T00:00:00.0","2010-04-30T00:00:00.0"
"10000000000510","0","200000000000005","maleInvolved","BOOLEAN","1","true","2010-04-30T00:00:00.0","2010-04-30T00:00:00.0"
"10000000000511","0","200000000000005","vitaminA","BOOLEAN","1","true","2010-04-30T00:00:00.0","2010-04-30T00:00:00.0"
"10000000000512","0","200000000000005","ttDose","TTDOSE","2","true","2010-04-30T00:00:00.0","2010-04-30T00:00:00.0"
"10000000000513","0","200000000000005","lochiaColour","LOCHIACOLOUR","2","true","2010-04-30T00:00:00.0","2010-04-30T00:00:00.0"
"10000000000514","0","200000000000005","lochiaAmountExcess","BOOLEAN","1","true","2010-04-30T00:00:00.0","2010-04-30T00:00:00.0"
"10000000000515","0","200000000000005","temperature","NUMERIC","5","false","2010-04-30T00:00:00.0","2010-04-30T00:00:00.0"
"10000000000516","0","200000000000005","fht","NUMERIC","50","false","2010-04-30T00:00:00.0","2010-04-30T00:00:00.0"
"10000000000517","0","200000000000005","comments","ALPHANUM","50","false","2010-04-30T00:00:00.0","2010-04-30T00:00:00.0"
"10000000000601","0","200000000000006","staffId","NUMERIC","50","true","2010-01-08T14:46:33.0","2010-01-08T15:22:53.0"
"10000000000602","0","200000000000006","facilityId","NUMERIC","50","true","2010-01-08T14:46:33.0","2010-01-08T15:22:53.0"
"10000000000603","0","200000000000006","date","DATE","10","true","2010-01-08T14:46:33.0","2010-01-08T15:22:54.0"
"10000000000604","0","200000000000006","motechId","NUMERIC","50","true","2010-04-30T00:00:00.0","2010-04-30T00:00:00.0"
"10000000000701","0","200000000000007","staffId","NUMERIC","50","true","2010-01-08T14:46:33.0","2010-01-08T15:22:53.0"
"10000000000702","0","200000000000007","facilityId","NUMERIC","50","true","2010-01-08T14:46:33.0","2010-01-08T15:22:53.0"
"10000000000703","0","200000000000007","date","DATE","10","true","2010-01-08T14:46:33.0","2010-01-08T15:22:54.0"
"10000000000704","0","200000000000007","motechId","NUMERIC","50","true","2010-04-30T00:00:00.0","2010-04-30T00:00:00.0"
"10000000000705","0","200000000000007","ttDose","TTDOSE","2","true","2010-04-30T00:00:00.0","2010-04-30T00:00:00.0"
"10000000000801","0","200000000000008","staffId","NUMERIC","50","true","2010-01-08T14:46:33.0","2010-01-08T15:22:53.0"
"10000000000802","0","200000000000008","facilityId","NUMERIC","50","true","2010-01-08T14:46:33.0","2010-01-08T15:22:53.0"
"10000000000803","0","200000000000008","date","DATETIME","30","true","2010-01-08T14:46:33.0","2010-01-08T15:22:54.0"
"10000000000804","0","200000000000008","motechId","NUMERIC","50","true","2010-04-30T00:00:00.0","2010-04-30T00:00:00.0"
"10000000000805","0","200000000000008","visitNumber","NUMERIC","2","true","2010-04-30T00:00:00.0","2010-04-30T00:00:00.0"
"10000000000806","0","200000000000008","location","PNCLOCATION","2","true","2010-04-30T00:00:00.0","2010-04-30T00:00:00.0"
"10000000000807","0","200000000000008","house","ALPHANUM","50","false","2010-04-30T00:00:00.0","2010-04-30T00:00:00.0"
"10000000000808","0","200000000000008","community","ALPHANUM","30","false","2010-04-30T00:00:00.0","2010-04-30T00:00:00.0"
"10000000000809","0","200000000000008","referred","BOOLEAN","1","true","2010-04-30T00:00:00.0","2010-04-30T00:00:00.0"
"10000000000810","0","200000000000008","maleInvolved","BOOLEAN","1","true","2010-04-30T00:00:00.0","2010-04-30T00:00:00.0"
"10000000000811","0","200000000000008","weight","NUMERIC","5","false","2010-04-30T00:00:00.0","2010-04-30T00:00:00.0"
"10000000000812","0","200000000000008","temperature","NUMERIC","5","false","2010-04-30T00:00:00.0","2010-04-30T00:00:00.0"
"10000000000813","0","200000000000008","bcg","BOOLEAN","1","true","2010-04-30T00:00:00.0","2010-04-30T00:00:00.0"
"10000000000814","0","200000000000008","opv0","BOOLEAN","1","true","2010-04-30T00:00:00.0","2010-04-30T00:00:00.0"
"10000000000815","0","200000000000008","respiration","NUMERIC","5","true","2010-04-30T00:00:00.0","2010-04-30T00:00:00.0"
"10000000000816","0","200000000000008","cordConditionNormal","BOOLEAN","1","true","2010-04-30T00:00:00.0","2010-04-30T00:00:00.0"
"10000000000817","0","200000000000008","babyConditionGood","BOOLEAN","1","true","2010-04-30T00:00:00.0","2010-04-30T00:00:00.0"
"10000000000818","0","200000000000008","comments","ALPHANUM","50","false","2010-04-30T00:00:00.0","2010-04-30T00:00:00.0"
"10000000000901","0","200000000000009","staffId","NUMERIC","50","true","2010-01-08T14:46:33.0","2010-01-08T15:22:53.0"
"10000000000902","0","200000000000009","facilityId","NUMERIC","50","true","2010-01-08T14:46:33.0","2010-01-08T15:22:53.0"
"10000000000903","0","200000000000009","date","DATE","10","true","2010-01-08T14:46:33.0","2010-01-08T15:22:54.0"
"10000000000904","0","200000000000009","motechId","NUMERIC","50","true","2010-04-30T00:00:00.0","2010-04-30T00:00:00.0"
"10000000000905","0","200000000000009","cwcLocation","CWCLOCATION","2","true","2010-04-30T00:00:00.0","2010-04-30T00:00:00.0"
"10000000000906","0","200000000000009","house","ALPHANUM","50","false","2010-04-30T00:00:00.0","2010-04-30T00:00:00.0"
"10000000000907","0","200000000000009","community","ALPHANUM","30","false","2010-04-30T00:00:00.0","2010-04-30T00:00:00.0"
"10000000000908","0","200000000000009","bcg","BOOLEAN","1","false","2010-04-30T00:00:00.0","2010-04-30T00:00:00.0"
"10000000000909","0","200000000000009","opvDose","OPVDOSE","2","false","2010-04-30T00:00:00.0","2010-04-30T00:00:00.0"
"10000000000910","0","200000000000009","pentaDose","PENTADOSE","2","false","2010-04-30T00:00:00.0","2010-04-30T00:00:00.0"
"10000000000911","0","200000000000009","measles","BOOLEAN","1","false","2010-04-30T00:00:00.0","2010-04-30T00:00:00.0"
"10000000000912","0","200000000000009","yellowFever","BOOLEAN","1","false","2010-04-30T00:00:00.0","2010-04-30T00:00:00.0"
"10000000000913","0","200000000000009","csm","BOOLEAN","1","false","2010-04-30T00:00:00.0","2010-04-30T00:00:00.0"
"10000000000914","0","200000000000009","ipti","BOOLEAN","1","true","2010-04-30T00:00:00.0","2010-04-30T00:00:00.0"
"10000000000915","0","200000000000009","vitaminA","BOOLEAN","1","true","2010-04-30T00:00:00.0","2010-04-30T00:00:00.0"
"10000000000916","0","200000000000009","dewormer","BOOLEAN","1","true","2010-04-30T00:00:00.0","2010-04-30T00:00:00.0"
"10000000000917","0","200000000000009","weight","NUMERIC","5","false","2010-04-30T00:00:00.0","2010-04-30T00:00:00.0"
"10000000000918","0","200000000000009","muac","NUMERIC","5","false","2010-04-30T00:00:00.0","2010-04-30T00:00:00.0"
"10000000000919","0","200000000000009","height","NUMERIC","5","false","2010-04-30T00:00:00.0","2010-04-30T00:00:00.0"
"10000000000920","0","200000000000009","maleInvolved","BOOLEAN","1","true","2010-04-30T00:00:00.0","2010-04-30T00:00:00.0"
"10000000000921","0","200000000000009","comments","ALPHANUM","50","false","2010-04-30T00:00:00.0","2010-04-30T00:00:00.0"
"10000000001001","0","200000000000010","staffId","NUMERIC","50","true","2010-01-08T14:46:33.0","2010-01-08T15:22:53.0"
"10000000001002","0","200000000000010","facilityId","NUMERIC","50","true","2010-01-08T14:46:33.0","2010-01-08T15:22:53.0"
"10000000001003","0","200000000000010","date","DATE","50","true","2010-01-08T14:46:33.0","2010-01-08T15:22:54.0"
"10000000001004","0","200000000000010","registrationMode","REGISTRATIONMODE","50","true","2010-04-30T00:00:00.0","2010-04-30T00:00:00.0"
"10000000001005","0","200000000000010","motechId","NUMERIC","50","false","2010-04-30T00:00:00.0","2010-04-30T00:00:00.0"
"10000000001006","0","200000000000010","registrantType","REGISTRANTTYPE","50","true","2010-04-30T00:00:00.0","2010-04-30T00:00:00.0"
"10000000001007","0","200000000000010","firstName","ALPHANUM","100","true","2010-04-30T00:00:00.0","2010-04-30T00:00:00.0"
"10000000001008","0","200000000000010","middleName","ALPHANUM","100","false","2010-04-30T00:00:00.0","2010-04-30T00:00:00.0"
"10000000001009","0","200000000000010","lastName","ALPHANUM","100","true","2010-04-30T00:00:00.0","2010-04-30T00:00:00.0"
"10000000001010","0","200000000000010","preferredName","ALPHANUM","50","false","2010-04-30T00:00:00.0","2010-04-30T00:00:00.0"
"10000000001011","0","200000000000010","dateOfBirth","DATE","10","true","2010-04-30T00:00:00.0","2010-04-30T00:00:00.0"
"10000000001012","0","200000000000010","estimatedBirthDate","BOOLEAN","50","true","2010-04-30T00:00:00.0","2010-04-30T00:00:00.0"
"10000000001013","0","200000000000010","sex","GENDER","1","false","2010-04-30T00:00:00.0","2010-04-30T00:00:00.0"
"10000000001014","0","200000000000010","insured","BOOLEAN","50","true","2010-04-30T00:00:00.0","2010-04-30T00:00:00.0"
"10000000001015","0","200000000000010","nhis","ALPHANUM","30","false","2010-04-30T00:00:00.0","2010-04-30T00:00:00.0"
"10000000001016","0","200000000000010","nhisExpires","EXPIRYDATE","10","false","2010-04-30T00:00:00.0","2010-04-30T00:00:00.0"
"10000000001017","0","200000000000010","motherMotechId","NUMERIC","50","false","2010-04-30T00:00:00.0","2010-04-30T00:00:00.0"
"10000000001021","0","200000000000010","community","NUMERIC","50","true","2010-04-30T00:00:00.0","2010-04-30T00:00:00.0"
"10000000001022","0","200000000000010","address","ALPHANUM","50","true","2010-04-30T00:00:00.0","2010-04-30T00:00:00.0"
"10000000001023","0","200000000000010","phoneNumber","NUMERIC","50","false","2010-04-30T00:00:00.0","2010-04-30T00:00:00.0"
"10000000001024","0","200000000000010","expDeliveryDate","DELIVERYDATE","10","false","2010-04-30T00:00:00.0","2010-04-30T00:00:00.0"
"10000000001025","0","200000000000010","deliveryDateConfirmed","BOOLEAN","50","false","2010-04-30T00:00:00.0","2010-04-30T00:00:00.0"
"10000000001028","0","200000000000010","enroll","BOOLEAN","50","false","2010-04-30T00:00:00.0","2010-04-30T00:00:00.0"
"10000000001029","0","200000000000010","consent","BOOLEAN","50","false","2010-04-30T00:00:00.0","2010-04-30T00:00:00.0"
"10000000001030","0","200000000000010","ownership","PHONETYPE","50","false","2010-04-30T00:00:00.0","2010-04-30T00:00:00.0"
"10000000001031","0","200000000000010","format","FORMAT","50","false","2010-04-30T00:00:00.0","2010-04-30T00:00:00.0"
"10000000001032","0","200000000000010","language","ALPHANUM","50","false","2010-04-30T00:00:00.0","2010-04-30T00:00:00.0"
"10000000001033","0","200000000000010","dayOfWeek","DAYOFWEEK","50","false","2010-04-30T00:00:00.0","2010-04-30T00:00:00.0"
"10000000001034","0","200000000000010","timeOfDay","TIME","50","false","2010-04-30T00:00:00.0","2010-04-30T00:00:00.0"
"10000000001035","0","200000000000010","reason","INTERESTREASON","50","false","2010-04-30T00:00:00.0","2010-04-30T00:00:00.0"
"10000000001036","0","200000000000010","howLearned","HOWLEARNED","50","false","2010-04-30T00:00:00.0","2010-04-30T00:00:00.0"
"10000000001037","0","200000000000010","messagesStartWeek","NUMERIC","2","false","2010-04-30T00:00:00.0","2010-04-30T00:00:00.0"
"10000000001038","0","200000000000010","regPhone","NUMERIC","50","false","2010-04-30T00:00:00.0","2010-04-30T00:00:00.0"
"10000000001101","0","200000000000011","staffId","NUMERIC","50","true","2010-01-08T14:46:33.0","2010-01-08T15:22:53.0"
"10000000001102","0","200000000000011","facilityId","NUMERIC","50","true","2010-01-08T14:46:33.0","2010-01-08T15:22:53.0"
"10000000001103","0","200000000000011","date","DATE","50","true","2010-01-08T14:46:33.0","2010-01-08T15:22:54.0"
"10000000001104","0","200000000000011","motechId","NUMERIC","50","true","2010-04-30T00:00:00.0","2010-04-30T00:00:00.0"
"10000000001105","0","200000000000011","estDeliveryDate","DELIVERYDATE","50","true","2010-04-30T00:00:00.0","2010-04-30T00:00:00.0"
"10000000001106","0","200000000000011","enroll","BOOLEAN","50","true","2010-04-30T00:00:00.0","2010-04-30T00:00:00.0"
"10000000001107","0","200000000000011","consent","BOOLEAN","50","false","2010-04-30T00:00:00.0","2010-04-30T00:00:00.0"
"10000000001108","0","200000000000011","ownership","PHONETYPE","50","false","2010-04-30T00:00:00.0","2010-04-30T00:00:00.0"
"10000000001109","0","200000000000011","phoneNumber","NUMERIC","50","false","2010-04-30T00:00:00.0","2010-04-30T00:00:00.0"
"10000000001110","0","200000000000011","format","FORMAT","50","false","2010-04-30T00:00:00.0","2010-04-30T00:00:00.0"
"10000000001111","0","200000000000011","language","ALPHANUM","50","false","2010-04-30T00:00:00.0","2010-04-30T00:00:00.0"
"10000000001112","0","200000000000011","dayOfWeek","DAYOFWEEK","50","false","2010-04-30T00:00:00.0","2010-04-30T00:00:00.0"
"10000000001113","0","200000000000011","timeOfDay","TIME","50","false","2010-04-30T00:00:00.0","2010-04-30T00:00:00.0"
"10000000001114","0","200000000000011","reason","INTERESTREASON","50","false","2010-04-30T00:00:00.0","2010-04-30T00:00:00.0"
"10000000001115","0","200000000000011","howLearned","HOWLEARNED","50","false","2010-04-30T00:00:00.0","2010-04-30T00:00:00.0"
"10000000001201","0","200000000000012","staffId","NUMERIC","50","true","2010-01-08T14:46:33.0","2010-01-08T15:22:53.0"
"10000000001202","0","200000000000012","facilityId","NUMERIC","50","true","2010-01-08T14:46:33.0","2010-01-08T15:22:53.0"
"10000000001203","0","200000000000012","date","DATE","50","true","2010-01-08T14:46:33.0","2010-01-08T15:22:54.0"
"10000000001204","0","200000000000012","motechId","NUMERIC","50","true","2010-04-30T00:00:00.0","2010-04-30T00:00:00.0"
"10000000001205","0","200000000000012","ancRegNumber","ALPHANUM","50","false","2010-04-30T00:00:00.0","2010-04-30T00:00:00.0"
"10000000001206","0","200000000000012","estDeliveryDate","DELIVERYDATE","50","true","2010-04-30T00:00:00.0","2010-04-30T00:00:00.0"
"10000000001207","0","200000000000012","height","NUMERIC","5","true","2010-04-30T00:00:00.0","2010-04-30T00:00:00.0"
"10000000001208","0","200000000000012","gravida","NUMERIC","2","true","2010-04-30T00:00:00.0","2010-04-30T00:00:00.0"
"10000000001209","0","200000000000012","parity","NUMERIC","2","true","2010-04-30T00:00:00.0","2010-04-30T00:00:00.0"
"10000000001210","0","200000000000012","enroll","BOOLEAN","50","true","2010-04-30T00:00:00.0","2010-04-30T00:00:00.0"
"10000000001211","0","200000000000012","consent","BOOLEAN","50","false","2010-04-30T00:00:00.0","2010-04-30T00:00:00.0"
"10000000001212","0","200000000000012","ownership","PHONETYPE","50","false","2010-04-30T00:00:00.0","2010-04-30T00:00:00.0"
"10000000001213","0","200000000000012","phoneNumber","NUMERIC","50","false","2010-04-30T00:00:00.0","2010-04-30T00:00:00.0"
"10000000001214","0","200000000000012","format","FORMAT","50","false","2010-04-30T00:00:00.0","2010-04-30T00:00:00.0"
"10000000001215","0","200000000000012","language","ALPHANUM","50","false","2010-04-30T00:00:00.0","2010-04-30T00:00:00.0"
"10000000001216","0","200000000000012","dayOfWeek","DAYOFWEEK","50","false","2010-04-30T00:00:00.0","2010-04-30T00:00:00.0"
"10000000001217","0","200000000000012","timeOfDay","TIME","50","false","2010-04-30T00:00:00.0","2010-04-30T00:00:00.0"
"10000000001218","0","200000000000012","reason","INTERESTREASON","50","false","2010-04-30T00:00:00.0","2010-04-30T00:00:00.0"
"10000000001219","0","200000000000012","howLearned","HOWLEARNED","50","false","2010-04-30T00:00:00.0","2010-04-30T00:00:00.0"
"10000000001301","0","200000000000013","staffId","NUMERIC","50","true","2010-01-08T14:46:33.0","2010-01-08T15:22:53.0"
"10000000001302","0","200000000000013","facilityId","NUMERIC","50","true","2010-01-08T14:46:33.0","2010-01-08T15:22:53.0"
"10000000001303","0","200000000000013","date","DATE","50","true","2010-01-08T14:46:33.0","2010-01-08T15:22:54.0"
"10000000001304","0","200000000000013","motechId","NUMERIC","50","true","2010-04-30T00:00:00.0","2010-04-30T00:00:00.0"
"10000000001305","0","200000000000013","cwcRegNumber","ALPHANUM","50","false","2010-04-30T00:00:00.0","2010-04-30T00:00:00.0"
"10000000001306","0","200000000000013","enroll","BOOLEAN","50","true","2010-04-30T00:00:00.0","2010-04-30T00:00:00.0"
"10000000001307","0","200000000000013","consent","BOOLEAN","50","false","2010-04-30T00:00:00.0","2010-04-30T00:00:00.0"
"10000000001308","0","200000000000013","ownership","PHONETYPE","50","false","2010-04-30T00:00:00.0","2010-04-30T00:00:00.0"
"10000000001309","0","200000000000013","phoneNumber","NUMERIC","50","false","2010-04-30T00:00:00.0","2010-04-30T00:00:00.0"
"10000000001310","0","200000000000013","format","FORMAT","50","false","2010-04-30T00:00:00.0","2010-04-30T00:00:00.0"
"10000000001311","0","200000000000013","language","ALPHANUM","50","false","2010-04-30T00:00:00.0","2010-04-30T00:00:00.0"
"10000000001312","0","200000000000013","dayOfWeek","DAYOFWEEK","50","false","2010-04-30T00:00:00.0","2010-04-30T00:00:00.0"
"10000000001313","0","200000000000013","timeOfDay","TIME","50","false","2010-04-30T00:00:00.0","2010-04-30T00:00:00.0"
"10000000001314","0","200000000000013","reason","INTERESTREASON","50","false","2010-04-30T00:00:00.0","2010-04-30T00:00:00.0"
"10000000001315","0","200000000000013","howLearned","HOWLEARNED","50","false","2010-04-30T00:00:00.0","2010-04-30T00:00:00.0"
"10000000001401","0","200000000000014","staffId","NUMERIC","50","true","2010-01-08T14:46:33.0","2010-01-08T15:22:53.0"
"10000000001402","0","200000000000014","facilityId","NUMERIC","50","true","2010-01-08T14:46:33.0","2010-01-08T15:22:53.0"
"10000000001403","0","200000000000014","date","DATE","50","true","2010-01-08T14:46:33.0","2010-01-08T15:22:54.0"
"10000000001404","0","200000000000014","motechId","NUMERIC","50","true","2010-04-30T00:00:00.0","2010-04-30T00:00:00.0"
"10000000001405","0","200000000000014","phoneNumber","NUMERIC","50","false","2010-04-30T00:00:00.0","2010-04-30T00:00:00.0"
"10000000001406","0","200000000000014","ownership","PHONETYPE","50","false","2010-04-30T00:00:00.0","2010-04-30T00:00:00.0"
"10000000001407","0","200000000000014","nhis","ALPHANUM","30","false","2010-04-30T00:00:00.0","2010-04-30T00:00:00.0"
"10000000001408","0","200000000000014","nhisExpires","EXPIRYDATE","10","false","2010-04-30T00:00:00.0","2010-04-30T00:00:00.0"
"10000000001409","0","200000000000014","stopEnrollment","BOOLEAN","2","false","2010-04-30T00:00:00.0","2010-04-30T00:00:00.0"
"10000000001501","0","200000000000015","staffId","ALPHANUM","50","true","2010-01-08T14:46:33.0","2010-01-08T15:22:53.0"
"10000000001502","0","200000000000015","facilityId","ALPHANUM","50","true","2010-01-08T14:46:33.0","2010-01-08T15:22:53.0"
"10000000001503","0","200000000000015","date","DATE","50","true","2010-01-08T14:46:33.0","2010-01-08T15:22:54.0"
"10000000001504","0","200000000000015","serialNumber","ALPHANUM","50","true","2010-04-30T00:00:00.0","2010-04-30T00:00:00.0"
"10000000001505","0","200000000000015","sex","GENDER","50","false","2010-04-30T00:00:00.0","2010-04-30T00:00:00.0"
"10000000001506","0","200000000000015","dateOfBirth","DATE","50","true","2010-04-30T00:00:00.0","2010-04-30T00:00:00.0"
"10000000001507","0","200000000000015","insured","BOOLEAN","50","true","2010-04-30T00:00:00.0","2010-04-30T00:00:00.0"
"10000000001508","0","200000000000015","diagnosis","DIAGNOSIS","2","true","2010-04-30T00:00:00.0","2010-04-30T00:00:00.0"
"10000000001509","0","200000000000015","secondDiagnosis","DIAGNOSIS","2","false","2010-04-30T00:00:00.0","2010-04-30T00:00:00.0"
"10000000001510","0","200000000000015","rdtGiven","BOOLEAN","1","false","2010-04-30T00:00:00.0","2010-04-30T00:00:00.0"
"10000000001511","0","200000000000015","rdtPositive","BOOLEAN","1","false","2010-04-30T00:00:00.0","2010-04-30T00:00:00.0"
"10000000001512","0","200000000000015","actTreated","BOOLEAN","1","false","2010-04-30T00:00:00.0","2010-04-30T00:00:00.0"
"10000000001513","0","200000000000015","newCase","BOOLEAN","1","true","2010-04-30T00:00:00.0","2010-04-30T00:00:00.0"
"10000000001514","0","200000000000015","referred","BOOLEAN","1","true","2010-04-30T00:00:00.0","2010-04-30T00:00:00.0"
"10000000001515","0","200000000000015","comments","ALPHANUM","50","false","2010-04-30T00:00:00.0","2010-04-30T00:00:00.0"
"10000000001601","0","200000000000016","staffId","ALPHANUM","50","true","2010-01-08T14:46:33.0","2010-01-08T15:22:53.0"
"10000000001602","0","200000000000016","facilityId","ALPHANUM","50","true","2010-01-08T14:46:33.0","2010-01-08T15:22:53.0"
"10000000001603","0","200000000000016","date","DATE","50","true","2010-01-08T14:46:33.0","2010-01-08T15:22:54.0"
"10000000001604","0","200000000000016","serialNumber","ALPHANUM","50","true","2010-04-30T00:00:00.0","2010-04-30T00:00:00.0"
"10000000001605","0","200000000000016","motechId","NUMERIC","50","false","2010-04-30T00:00:00.0","2010-04-30T00:00:00.0"
"10000000001606","0","200000000000016","diagnosis","DIAGNOSIS","2","true","2010-04-30T00:00:00.0","2010-04-30T00:00:00.0"
"10000000001607","0","200000000000016","secondDiagnosis","DIAGNOSIS","2","false","2010-04-30T00:00:00.0","2010-04-30T00:00:00.0"
"10000000001608","0","200000000000016","rdtGiven","BOOLEAN","1","false","2010-04-30T00:00:00.0","2010-04-30T00:00:00.0"
"10000000001609","0","200000000000016","rdtPositive","BOOLEAN","1","false","2010-04-30T00:00:00.0","2010-04-30T00:00:00.0"
"10000000001610","0","200000000000016","actTreated","BOOLEAN","1","false","2010-04-30T00:00:00.0","2010-04-30T00:00:00.0"
"10000000001611","0","200000000000016","newCase","BOOLEAN","1","true","2010-04-30T00:00:00.0","2010-04-30T00:00:00.0"
"10000000001612","0","200000000000016","referred","BOOLEAN","1","true","2010-04-30T00:00:00.0","2010-04-30T00:00:00.0"
"10000000001613","0","200000000000016","comments","ALPHANUM","50","false","2010-04-30T00:00:00.0","2010-04-30T00:00:00.0"
"10000000001614","0","200000000000016","insured","BOOLEAN","1","true","2010-04-30T00:00:00.0","2010-04-30T00:00:00.0"
"10000000001701","0","200000000000017","staffId","ALPHANUM","50","true","2010-01-08T14:46:33.0","2010-01-08T15:22:53.0"
"10000000001702","0","200000000000017","facilityId","ALPHANUM","50","true","2010-01-08T14:46:33.0","2010-01-08T15:22:53.0"
"10000000001703","0","200000000000017","date","DATE","50","true","2010-01-08T14:46:33.0","2010-01-08T15:22:54.0"
"10000000001704","0","200000000000017","serialNumber","ALPHANUM","50","true","2010-04-30T00:00:00.0","2010-04-30T00:00:00.0"
"10000000001705","0","200000000000017","motechId","NUMERIC","50","false","2010-04-30T00:00:00.0","2010-04-30T00:00:00.0"
"10000000001706","0","200000000000017","diagnosis","DIAGNOSIS","2","true","2010-04-30T00:00:00.0","2010-04-30T00:00:00.0"
"10000000001707","0","200000000000017","secondDiagnosis","DIAGNOSIS","2","false","2010-04-30T00:00:00.0","2010-04-30T00:00:00.0"
"10000000001708","0","200000000000017","rdtGiven","BOOLEAN","1","false","2010-04-30T00:00:00.0","2010-04-30T00:00:00.0"
"10000000001709","0","200000000000017","rdtPositive","BOOLEAN","1","false","2010-04-30T00:00:00.0","2010-04-30T00:00:00.0"
"10000000001710","0","200000000000017","actTreated","BOOLEAN","1","false","2010-04-30T00:00:00.0","2010-04-30T00:00:00.0"
"10000000001711","0","200000000000017","newCase","BOOLEAN","1","true","2010-04-30T00:00:00.0","2010-04-30T00:00:00.0"
"10000000001712","0","200000000000017","referred","BOOLEAN","1","true","2010-04-30T00:00:00.0","2010-04-30T00:00:00.0"
"10000000001713","0","200000000000017","comments","ALPHANUM","50","false","2010-04-30T00:00:00.0","2010-04-30T00:00:00.0"
"10000000001714","0","200000000000017","insured","BOOLEAN","1","true","2010-04-30T00:00:00.0","2010-04-30T00:00:00.0"
"12353635757884","0","254657657567688","sex","GENDER","50","true","2010-01-08T14:54:14.0","2010-01-08T15:22:53.0"
"15674564545534","0","678565673457657","patientRegNum","ALPHANUM","50","true","2010-01-08T15:02:43.0","2010-01-08T15:22:53.0"
"20564578745345","0","678565673457657","nhisNo","ALPHANUM","50","false","2010-01-08T15:02:43.0","2010-01-08T15:22:53.0"
"24575686567567","0","254657657567688","nhisExpiration","EXPIRYDATE","10","false","2010-01-08T14:54:14.0","2010-01-08T15:22:53.0"
"42783631278378","0","254657657567688","nhisNo","ALPHANUM","50","false","2010-01-08T14:54:14.0","2010-01-08T15:22:53.0"
"44780981663901","0","785688106549491","DoB","DATE","10","true","2009-12-18T11:04:20.0","2010-01-08T15:22:53.0"
"53475686867887","0","254657657567688","motherMotechId","ALPHANUM","50","true","2010-01-08T14:54:14.0","2010-01-08T15:22:53.0"
"64348767787689","0","254657657567688","dob","DATE","50","true","2010-01-08T14:54:14.0","2010-01-08T15:22:53.0"
"64546463981700","0","785739375640096","chpsId","ALPHANUM","50","true","2010-02-03T10:29:14.0","2010-02-03T10:29:14.0"
"64546463981701","0","785739375640096","motechId","ALPHANUM","50","true","2010-02-03T10:29:14.0","2010-02-03T10:29:14.0"
"64546463981702","0","785739375640096","date","DATE","10","true","2010-02-03T10:29:14.0","2010-02-03T10:29:14.0"
"64546463981703","0","785739375640096","BCG","BOOLEAN","2","false","2010-02-03T10:29:14.0","2010-02-03T10:29:14.0"
"64546463981704","0","785739375640096","OPVDOSE","OPVDOSE","2","false","2010-02-03T10:29:14.0","2010-02-03T10:29:14.0"
"64546463981705","0","785739375640096","PentaDose","PENTADOSE","2","false","2010-02-03T10:29:14.0","2010-02-03T10:29:14.0"
"64546463981706","0","785739375640096","YellowFever","BOOLEAN","1","false","2010-02-03T10:29:14.0","2010-02-03T10:29:14.0"
"64546463981707","0","785739375640096","CSM","BOOLEAN","1","true","2010-02-03T10:29:14.0","2010-02-03T10:29:14.0"
"64546463981708","0","785739375640096","IPTi","BOOLEAN","1","true","2010-02-03T10:29:14.0","2010-02-03T10:29:14.0"
"64546463981709","0","785739375640096","VitA","BOOLEAN","1","true","2010-02-03T10:29:14.0","2010-02-03T10:29:14.0"
"64546463981765","0","785739375640096","Measles","BOOLEAN","1","false","2010-02-03T10:29:14.0","2010-02-03T10:29:14.0"
"72345769456456","0","678565673457657","nhisExpiration","EXPIRYDATE","10","false","2010-01-08T15:02:43.0","2010-01-08T15:22:54.0"
"92366865767568","0","254657657567688","firstName","ALPHANUM","50","false","2010-01-08T14:54:14.0","2010-01-08T15:22:54.0"
"93786634412380","0","678565673457657","primaryPhone","NUMERIC","15","false","2010-01-08T15:02:43.0","2010-01-08T15:22:54.0"
"123074663923342","0","875739375640102","facilityId","NUMERIC","10","true","2010-02-15T18:35:14.0","2010-02-15T18:35:14.0"
"123174663923343","0","875739375640102","chpsId","NUMERIC","50","true","2010-02-15T18:35:14.0","2010-02-15T18:35:14.0"
"123274663923343","0","875739375640102","sender","NUMERIC","50","true","2010-02-15T18:35:14.0","2010-02-15T18:35:14.0"
"123474663923338","0","95739375640100","facilityId","NUMERIC","10","true","2010-02-15T18:35:14.0","2010-02-15T18:35:14.0"
"123574663923339","0","95739375640100","chpsId","NUMERIC","50","true","2010-02-15T18:35:14.0","2010-02-15T18:35:14.0"
"123674663923339","0","95739375640100","sender","NUMERIC","50","true","2010-02-15T18:35:14.0","2010-02-15T18:35:14.0"
"123774663923340","0","985739375640101","facilityId","NUMERIC","10","true","2010-02-15T18:35:14.0","2010-02-15T18:35:14.0"
"123874663923341","0","985739375640101","chpsId","NUMERIC","50","true","2010-02-15T18:35:14.0","2010-02-15T18:35:14.0"
"123974663923341","0","985739375640101","sender","NUMERIC","50","true","2010-02-15T18:35:14.0","2010-02-15T18:35:14.0"
"125568987021450","0","785688106549491","Referral","BOOLEAN","1","true","2009-12-18T11:04:20.0","2010-01-08T15:22:54.0"
"154546463981440","0","785739375640095","chpsId","ALPHANUM","50","true","2010-02-03T10:29:14.0","2010-02-03T10:29:14.0"
"154546463981441","0","785739375640095","motechId","ALPHANUM","50","true","2010-02-03T10:29:14.0","2010-02-03T10:29:14.0"
"154546463981442","0","785739375640095","date","DATE","10","true","2010-02-03T10:29:14.0","2010-02-03T10:29:14.0"
"254546463981100","0","785739375640094","chpsId","ALPHANUM","50","true","2010-02-03T10:29:14.0","2010-02-03T10:29:14.0"
"254546463981101","0","785739375640094","motechId","ALPHANUM","50","true","2010-02-03T10:29:14.0","2010-02-03T10:29:14.0"
"254546463981102","0","785739375640094","date","DATE","10","true","2010-02-03T10:29:14.0","2010-02-03T10:29:14.0"
"254546463981103","0","785739375640094","visitNo","PPCVISIT","2","true","2010-02-03T10:29:14.0","2010-02-03T10:29:14.0"
"254546463981104","0","785739375640094","vitA","BOOLEAN","1","true","2010-02-03T10:29:14.0","2010-02-03T10:29:14.0"
"254546463981105","0","785739375640094","TTDose","NUMERIC","2","true","2010-02-03T10:29:14.0","2010-02-03T10:29:14.0"
"359809010998245","0","785688106549491","chpsId","ALPHANUM","50","true","2009-12-18T11:04:20.0","2010-01-08T15:22:54.0"
"409624894059308","0","785688106549491","Date","DATE","10","true","2009-12-18T11:04:20.0","2010-01-08T15:22:54.0"
"434546463984500","0","785739375640001","chpsId","ALPHANUM","50","true","2010-02-03T10:29:14.0","2010-02-03T10:29:14.0"
"434546463984501","0","785739375640001","motechId","ALPHANUM","50","true","2010-02-03T10:29:14.0","2010-02-03T10:29:14.0"
"434546463984502","0","785739375640001","date","DATE","10","true","2010-02-03T10:29:14.0","2010-02-03T10:29:14.0"
"434546463984503","0","785739375640001","visitNo","ANCVISIT","4","true","2010-02-03T10:29:14.0","2010-02-03T10:29:14.0"
"434546463984504","0","785739375640001","TTDose","TTDOSE","2","true","2010-02-03T10:29:14.0","2010-02-03T10:29:14.0"
"434546463984505","0","785739375640001","IPTDose","IPTDOSE","2","true","2010-02-03T10:29:14.0","2010-02-03T10:29:14.0"
"434546463984506","0","785739375640001","ITN","BOOLEAN","1","true","2010-02-03T10:29:14.0","2010-02-03T10:29:14.0"
"434546463984507","0","785739375640001","HIVResult","HIVSTATUS","10","true","2010-02-03T10:29:14.0","2010-02-03T10:29:14.0"
"447236646138029","0","785688106549491","SerialNo","ALPHANUM","50","true","2009-12-18T11:04:20.0","2010-01-08T15:22:54.0"
"447617060511481","0","785688106549491","otherDiagnosis","DIAGNOSIS","2","false","2010-03-29T11:04:20.0","2010-03-29T11:04:20.0"
"447617060511586","0","785688106549491","Diagnosis","DIAGNOSIS","2","true","2009-12-18T11:04:20.0","2010-01-08T15:22:54.0"
"447617060511587","0","785688106549491","Insured","BOOLEAN","1","true","2009-12-18T11:04:20.0","2010-01-08T15:22:54.0"
"447617060511588","0","785688106549491","NewCase","BOOLEAN","1","true","2009-12-18T11:04:20.0","2010-01-08T15:22:54.0"
"447617060511589","0","785688106549491","secondaryDiagnosis","DIAGNOSIS","2","false","2009-12-18T11:04:20.0","2010-01-08T15:22:54.0"
"447617060511592","0","785688106549491","otherSecondaryDiagnosis","DIAGNOSIS","2","false","2010-03-29T11:04:20.0","2010-03-29T11:04:20.0"
"464546463987800","0","785739375640002","chpsId","ALPHANUM","50","true","2010-02-03T10:29:14.0","2010-02-03T10:29:14.0"
"464546463987801","0","785739375640002","motechId","ALPHANUM","50","true","2010-02-03T10:29:14.0","2010-02-03T10:29:14.0"
"464546463987802","0","785739375640002","date","DATE","10","true","2010-02-03T10:29:14.0","2010-02-03T10:29:14.0"
"464546463987803","0","785739375640002","abortionType","ABORTIONTYPE","2","true","2010-02-03T10:29:14.0","2010-02-03T10:29:14.0"
"464546463987804","0","785739375640002","complications","ABORTIONCOMPLICATIONS","2","true","2010-02-03T10:29:14.0","2010-02-03T10:29:14.0"
"473346463981200","0","785739375640093","chpsId","ALPHANUM","50","true","2010-02-03T10:29:14.0","2010-02-03T10:29:14.0"
"473346463981201","0","785739375640093","motechId","ALPHANUM","50","true","2010-02-03T10:29:14.0","2010-02-03T10:29:14.0"
"473346463981202","0","785739375640093","DoD","DATE","10","true","2010-02-03T10:29:14.0","2010-02-03T10:29:14.0"
"473346463981203","0","785739375640093","MoD","MOD","2","true","2010-02-03T10:29:14.0","2010-02-03T10:29:14.0"
"473346463981204","0","785739375640093","OoD","OOD","2","true","2010-02-03T10:29:14.0","2010-02-03T10:29:14.0"
"473346463981205","0","785739375640093","location","DELIVERYLOCATION","1","true","2010-02-03T10:29:14.0","2010-02-03T10:29:14.0"
"473346463981206","0","785739375640093","deliveredBy","DELIVERER","4","true","2010-02-03T10:29:14.0","2010-02-03T10:29:14.0"
"473346463981207","0","785739375640093","MaternalDeath","BOOLEAN","1","true","2010-02-03T10:29:14.0","2010-02-03T10:29:14.0"
"473346463981208","0","785739375640093","cause","MATERNALDEATHCAUSE","1","false","2010-02-03T10:29:14.0","2010-02-03T10:29:14.0"
"473346463981209","0","785739375640093","C1BirthOutcome","BIRTHOUTCOME","3","true","2010-02-03T10:29:14.0","2010-02-03T10:29:14.0"
"473346463981210","0","785739375640093","C1MotechId","ALPHANUM","50","false","2010-02-03T10:29:14.0","2010-02-03T10:29:14.0"
"473346463981211","0","785739375640093","C1Sex","GENDER","1","false","2010-02-03T10:29:14.0","2010-02-03T10:29:14.0"
"473346463981212","0","785739375640093","C1Name","ALPHANUM","50","false","2010-02-03T10:29:14.0","2010-02-03T10:29:14.0"
"473346463981213","0","785739375640093","C1OPV","BOOLEAN","1","false","2010-02-03T10:29:14.0","2010-02-03T10:29:14.0"
"473346463981214","0","785739375640093","C1BCG","BOOLEAN","1","false","2010-02-03T10:29:14.0","2010-02-03T10:29:14.0"
"473346463981215","0","785739375640093","C2BirthOutcome","BIRTHOUTCOME","3","false","2010-02-03T10:29:14.0","2010-02-03T10:29:14.0"
"473346463981216","0","785739375640093","C2MotechId","ALPHANUM","50","false","2010-02-03T10:29:14.0","2010-02-03T10:29:14.0"
"473346463981217","0","785739375640093","C2Sex","GENDER","1","false","2010-02-03T10:29:14.0","2010-02-03T10:29:14.0"
"473346463981218","0","785739375640093","C2Name","ALPHANUM","10","false","2010-02-03T10:29:14.0","2010-02-03T10:29:14.0"
"473346463981219","0","785739375640093","C2OPV","BOOLEAN","1","false","2010-02-03T10:29:14.0","2010-02-03T10:29:14.0"
"473346463981220","0","785739375640093","C2BCG","BOOLEAN","3","false","2010-02-03T10:29:14.0","2010-02-03T10:29:14.0"
"473346463981221","0","785739375640093","C3BirthOutcome","BIRTHOUTCOME","3","false","2010-02-03T10:29:14.0","2010-02-03T10:29:14.0"
"473346463981222","0","785739375640093","C3MotechId","ALPHANUM","50","false","2010-02-03T10:29:14.0","2010-02-03T10:29:14.0"
"473346463981223","0","785739375640093","C3Sex","GENDER","1","false","2010-02-03T10:29:14.0","2010-02-03T10:29:14.0"
"473346463981224","0","785739375640093","C3Name","ALPHANUM","10","false","2010-02-03T10:29:14.0","2010-02-03T10:29:14.0"
"473346463981225","0","785739375640093","C3OPV","BOOLEAN","1","false","2010-02-03T10:29:14.0","2010-02-03T10:29:14.0"
"473346463981226","0","785739375640093","C3BCG","BOOLEAN","3","false","2010-02-03T10:29:14.0","2010-02-03T10:29:14.0"
"535767567677889","0","678565673457657","primaryPhoneType","PHONETYPE","10","false","2010-01-08T15:02:43.0","2010-01-08T15:22:54.0"
"595474663924238","0","785739375640100","facilityId","NUMERIC","10","true","2010-02-15T18:35:14.0","2010-02-15T18:35:14.0"
"595474663924239","0","785739375640100","chpsId","ALPHANUM","50","true","2010-02-15T18:35:14.0","2010-02-15T18:35:14.0"
"695474663923330","0","785739375640098","chpsId","ALPHANUM","50","true","2010-02-03T10:29:14.0","2010-02-03T10:29:14.0"
"695474663923331","0","785739375640098","motechId","ALPHANUM","50","true","2010-02-03T10:29:14.0","2010-02-03T10:29:14.0"
"695474663923332","0","785739375640098","date","DATE","10","true","2010-02-03T10:29:14.0","2010-02-03T10:29:14.0"
"695474663923333","0","785739375640098","serialNo","ALPHANUM","50","true","2010-02-03T10:29:14.0","2010-02-03T10:29:14.0"
"695474663923334","0","785739375640098","newCase","BOOLEAN","1","true","2010-02-03T10:29:14.0","2010-02-03T10:29:14.0"
"695474663923335","0","785739375640098","Diagnosis","DIAGNOSIS","2","true","2010-02-03T10:29:14.0","2010-02-03T10:29:14.0"
"695474663923336","0","785739375640098","secondaryDiagnosis","DIAGNOSIS","2","false","2010-02-03T10:29:14.0","2010-02-03T10:29:14.0"
"695474663923337","0","785739375640098","referral","BOOLEAN","1","true","2010-02-03T10:29:14.0","2010-02-03T10:29:14.0"
"695474663923338","0","785739375640098","otherDiagnosis","DIAGNOSIS","2","false","2010-03-29T11:04:20.0","2010-03-29T11:04:20.0"
"695474663923339","0","785739375640098","otherSecondaryDiagnosis","DIAGNOSIS","2","false","2010-03-29T11:04:20.0","2010-03-29T11:04:20.0"
"695474663923340","0","785739375640101","facilityId","NUMERIC","10","true","2010-02-15T18:35:14.0","2010-02-15T18:35:14.0"
"695474663923341","0","785739375640101","chpsId","ALPHANUM","50","true","2010-02-15T18:35:14.0","2010-02-15T18:35:14.0"
"695474663923342","0","785739375640102","facilityId","NUMERIC","10","true","2010-02-15T18:35:14.0","2010-02-15T18:35:14.0"
"695474663923343","0","785739375640102","chpsId","ALPHANUM","50","true","2010-02-15T18:35:14.0","2010-02-15T18:35:14.0"
"695474663923344","0","785739375640103","facilityId","NUMERIC","10","true","2010-02-15T18:35:14.0","2010-02-15T18:35:14.0"
"695474663923345","0","785739375640103","chpsId","ALPHANUM","50","true","2010-02-15T18:35:14.0","2010-02-15T18:35:14.0"
"695474663923346","0","785739375640104","facilityId","NUMERIC","10","true","2010-02-15T18:35:14.0","2010-02-15T18:35:14.0"
"695474663923347","0","785739375640104","chpsId","ALPHANUM","50","true","2010-02-15T18:35:14.0","2010-02-15T18:35:14.0"
"695474663923348","0","785739375640105","facilityId","NUMERIC","10","true","2010-02-15T18:35:14.0","2010-02-15T18:35:14.0"
"695474663923349","0","785739375640105","chpsId","ALPHANUM","50","true","2010-02-15T18:35:14.0","2010-02-15T18:35:14.0"
"695474663923350","0","785739375640106","facilityId","NUMERIC","10","true","2010-02-15T18:35:14.0","2010-02-15T18:35:14.0"
"695474663923351","0","785739375640106","chpsId","ALPHANUM","50","true","2010-02-15T18:35:14.0","2010-02-15T18:35:14.0"
"695474663923352","0","785739375640107","facilityId","NUMERIC","10","true","2010-02-15T18:35:14.0","2010-02-15T18:35:14.0"
"695474663923353","0","785739375640107","chpsId","ALPHANUM","50","true","2010-02-15T18:35:14.0","2010-02-15T18:35:14.0"
"695474663923354","0","785739375640108","motechId","ALPHANUM","50","true","2010-02-15T18:35:14.0","2010-02-15T18:35:14.0"
"695474663923355","0","785739375640108","chpsId","ALPHANUM","50","true","2010-02-15T18:35:14.0","2010-02-15T18:35:14.0"
"695474663923356","0","785739375640109","motechId","ALPHANUM","50","true","2010-02-15T18:35:14.0","2010-02-15T18:35:14.0"
"695474663923357","0","785739375640109","chpsId","ALPHANUM","50","true","2010-02-15T18:35:14.0","2010-02-15T18:35:14.0"
"695474663923358","0","785739375640110","chpsId","NUMERIC","50","true","2010-02-15T18:35:14.0","2010-02-15T18:35:14.0"
"695474663923359","0","785739375640110","firstName","ALPHA","50","false","2010-02-15T18:35:14.0","2010-02-15T18:35:14.0"
"695474663923360","0","785739375640110","lastName","ALPHA","50","false","2010-02-15T18:35:14.0","2010-02-15T18:35:14.0"
"695474663923361","0","785739375640110","preferredName","ALPHA","50","false","2010-02-15T18:35:14.0","2010-02-15T18:35:14.0"
"695474663923362","0","785739375640110","dob","DATE","10","false","2010-02-15T18:35:14.0","2010-02-15T18:35:14.0"
"695474663923363","0","785739375640110","nhisNo","ALPHANUM","50","false","2010-02-15T18:35:14.0","2010-02-15T18:35:14.0"
"695474663923364","0","785739375640110","phone","NUMERIC","50","false","2010-02-15T18:35:14.0","2010-02-15T18:35:14.0"
"876875676546456","0","597658468478768","patientRegNum","ALPHANUM","50","true","2010-01-08T14:46:33.0","2010-01-08T15:22:54.0"
"879874663983210","0","785739375640097","chpsId","ALPHANUM","50","true","2010-02-03T10:29:14.0","2010-02-03T10:29:14.0"
"879874663983211","0","785739375640097","motechId","ALPHANUM","50","true","2010-02-03T10:29:14.0","2010-02-03T10:29:14.0"
"879874663983212","0","785739375640097","date","DATE","10","true","2010-02-03T10:29:14.0","2010-02-03T10:29:14.0"
"879874663983213","0","785739375640097","serialNo","ALPHANUM","50","true","2010-02-03T10:29:14.0","2010-02-03T10:29:14.0"
"879874663983214","0","785739375640097","newCase","BOOLEAN","1","true","2010-02-03T10:29:14.0","2010-02-03T10:29:14.0"
"879874663983215","0","785739375640097","Diagnosis","DIAGNOSIS","2","true","2010-02-03T10:29:14.0","2010-02-03T10:29:14.0"
"879874663983216","0","785739375640097","secondaryDiagnosis","DIAGNOSIS","2","false","2010-02-03T10:29:14.0","2010-02-03T10:29:14.0"
"879874663983217","0","785739375640097","referral","BOOLEAN","1","true","2010-02-03T10:29:14.0","2010-02-03T10:29:14.0"
"879874663983218","0","785739375640097","otherDiagnosis","DIAGNOSIS","2","false","2010-03-29T11:04:20.0","2010-03-29T11:04:20.0"
"879874663983219","0","785739375640097","otherSecondaryDiagnosis","DIAGNOSIS","2","false","2010-03-29T11:04:20.0","2010-03-29T11:04:20.0"
"964559790068935","0","785688106549491","Sex","GENDER","1","true","2009-12-18T11:04:20.0","2010-01-08T15:22:54.0"
"1231474663923345","0","765739375640103","chpsId","NUMERIC","50","true","2010-02-15T18:35:14.0","2010-02-15T18:35:14.0"
"1231574663923345","0","765739375640103","sender","NUMERIC","50","true","2010-02-15T18:35:14.0","2010-02-15T18:35:14.0"
"1231674663923346","0","655739375640104","facilityId","NUMERIC","10","true","2010-02-15T18:35:14.0","2010-02-15T18:35:14.0"
"1231774663923347","0","655739375640104","chpsId","NUMERIC","50","true","2010-02-15T18:35:14.0","2010-02-15T18:35:14.0"
"1231874663923347","0","655739375640104","sender","NUMERIC","50","true","2010-02-15T18:35:14.0","2010-02-15T18:35:14.0"
"1231974663923348","0","545739375640105","facilityId","NUMERIC","10","true","2010-02-15T18:35:14.0","2010-02-15T18:35:14.0"
"1232074663923349","0","545739375640105","chpsId","NUMERIC","50","true","2010-02-15T18:35:14.0","2010-02-15T18:35:14.0"
"1232174663923349","0","545739375640105","sender","NUMERIC","50","true","2010-02-15T18:35:14.0","2010-02-15T18:35:14.0"
"1232274663923350","0","435739375640106","facilityId","NUMERIC","10","true","2010-02-15T18:35:14.0","2010-02-15T18:35:14.0"
"1232374663923351","0","435739375640106","chpsId","NUMERIC","50","true","2010-02-15T18:35:14.0","2010-02-15T18:35:14.0"
"1232474663923351","0","435739375640106","sender","NUMERIC","50","true","2010-02-15T18:35:14.0","2010-02-15T18:35:14.0"
"1232574663923352","0","325739375640107","facilityId","NUMERIC","10","true","2010-02-15T18:35:14.0","2010-02-15T18:35:14.0"
"1232674663923353","0","325739375640107","chpsId","NUMERIC","50","true","2010-02-15T18:35:14.0","2010-02-15T18:35:14.0"
"1232774663923353","0","325739375640107","sender","NUMERIC","50","true","2010-02-15T18:35:14.0","2010-02-15T18:35:14.0"
"1232874663923354","0","215739375640108","motechId","NUMERIC","50","true","2010-02-15T18:35:14.0","2010-02-15T18:35:14.0"
"1232974663923355","0","215739375640108","chpsId","NUMERIC","50","true","2010-02-15T18:35:14.0","2010-02-15T18:35:14.0"
"1233004663923344","0","765739375640103","facilityId","NUMERIC","10","true","2010-02-15T18:35:14.0","2010-02-15T18:35:14.0"
"1233074663923355","0","215739375640108","sender","NUMERIC","50","true","2010-02-15T18:35:14.0","2010-02-15T18:35:14.0"
"1233174663923356","0","105739375640109","motechId","NUMERIC","50","true","2010-02-15T18:35:14.0","2010-02-15T18:35:14.0"
"1233274663923357","0","105739375640109","chpsId","NUMERIC","50","true","2010-02-15T18:35:14.0","2010-02-15T18:35:14.0"
"1233374663923357","0","105739375640109","sender","NUMERIC","50","true","2010-02-15T18:35:14.0","2010-02-15T18:35:14.0"
"1233474663923358","0","5739375640110","chpsId","NUMERIC","50","true","2010-02-15T18:35:14.0","2010-02-15T18:35:14.0"
"1233474663923365","0","5739375640110","facilityId","NUMERIC","50","true","2010-02-15T18:35:14.0","2010-02-15T18:35:14.0"
"1233574663923359","0","5739375640110","firstName","ALPHA","50","false","2010-02-15T18:35:14.0","2010-02-15T18:35:14.0"
"1233674663923360","0","5739375640110","lastName","ALPHA","50","false","2010-02-15T18:35:14.0","2010-02-15T18:35:14.0"
"1233774663923361","0","5739375640110","preferredName","ALPHA","50","false","2010-02-15T18:35:14.0","2010-02-15T18:35:14.0"
"1233874663923362","0","5739375640110","dob","DATE","10","false","2010-02-15T18:35:14.0","2010-02-15T18:35:14.0"
"1233974663923363","0","5739375640110","nhisNo","ALPHANUM","50","false","2010-02-15T18:35:14.0","2010-02-15T18:35:14.0"
"1234074663923364","0","5739375640110","phone","NUMERIC","50","false","2010-02-15T18:35:14.0","2010-02-15T18:35:14.0"
"1234174663923364","0","5739375640110","sender","NUMERIC","50","false","2010-02-15T18:35:14.0","2010-02-15T18:35:14.0"
